{
  "iou": {
    "LapChol Case 0002 02.mp4": 0.09921613192634882,
    "LapChol Case 0001 04.mp4": 0.05691339998187747,
    "V10-Trimmed.mp4": 0.0,
    "V4_Trimmed.mp4": 0.0,
    "LapChol Case 0015 01.mp4": 0.0,
    "LapChol Case 0007 02.mp4": 0.07362534696257123,
    "V12-Trimmed.mp4": 0.0,
    "V7-Trimmed.mp4": 0.07075880865805054,
    "LapChol Case 0011 03.mp4": 0.0,
    "LapChol Case 0011 02.mp4": 0.0,
    "LapChol Case 0007 03.mp4": 0.11376842832566217,
    "V2_Trimmed.mp4": 0.11676011791310589,
    "LapChol Case 0001 05.mp4": 0.08759188394596959,
    "LapChol Case 0001 03.mp4": 0.18696227492294426,
    "LapChol Case 0007 01.mp4": 0.0539404459966423,
    "LapChol Case 0015 02.mp4": 0.0,
    "LapChol Case 0002 03.mp4": 0.05603809457995064,
    "overall": 0.053857349012536644
  },
  "dice": {
    "LapChol Case 0002 02.mp4": 0.17233829075846,
    "LapChol Case 0001 04.mp4": 0.10093190946323236,
    "V10-Trimmed.mp4": 0.0,
    "V4_Trimmed.mp4": 0.0,
    "LapChol Case 0015 01.mp4": 0.0,
    "LapChol Case 0007 02.mp4": 0.13316016879795173,
    "V12-Trimmed.mp4": 0.0,
    "V7-Trimmed.mp4": 0.12690910699226515,
    "LapChol Case 0011 03.mp4": 0.0,
    "LapChol Case 0011 02.mp4": 0.0,
    "LapChol Case 0007 03.mp4": 0.19751685852687306,
    "V2_Trimmed.mp4": 0.19830727094891332,
    "LapChol Case 0001 05.mp4": 0.14610833126473258,
    "LapChol Case 0001 03.mp4": 0.306218340920387,
    "LapChol Case 0007 01.mp4": 0.09566379029709499,
    "LapChol Case 0015 02.mp4": 0.0,
    "LapChol Case 0002 03.mp4": 0.10182500696429678,
    "overall": 0.09288112205495336
  },
  "statistical_summary": {
    "total_videos": 17,
    "safe_videos": 12,
    "bdi_videos": 5,
    "iou_statistics": {
      "overall_mean": 0.053857349012536644,
      "overall_std": 0.05393530355331994,
      "safe_mean": 0.06067133388683054,
      "safe_std": 0.05473562520555957,
      "bdi_mean": 0.037503785314231285,
      "bdi_std": 0.04818104310475075
    },
    "dice_statistics": {
      "overall_mean": 0.09288112205495336,
      "overall_std": 0.09076272664997545,
      "safe_mean": 0.10448022474941904,
      "safe_std": 0.09141301785489894,
      "bdi_mean": 0.0650432755882357,
      "bdi_std": 0.08279922300667324
    }
  },
  "visualization_files": [
    "sliding_window_lorenz_tti_validation_plots.png",
    "sliding_window_lorenz_individual_video_scores.png"
  ]
}